objectid,filename,youtubeid,title,creator,date,description,subject,location,latitude,longitude,source,identifier,type,format,language,rights,rightsstatement
img_042073,img_042073.jpg,,Oranjemund. View of the town and the Orange River,Edda Schoedder,1980-01-01,Landscape pictures of mountains and planes in the Sperrgebiet,,,-27.37,16.154,Schoedder Collection,,Image;StillImage,image/jpeg,eng,Namibia Institute of Architects,http://dna.nust.na/copyright.html
img_042074,img_042074.jpg,,Sperrgebiet,Edda Schoedder,1980-01-01,Landscape pictures of mountains and planes in the Sperrgebiet,,,-28.00,16.55,Schoedder Collection,,Image;StillImage,image/jpeg,eng,Namibia Institute of Architects,http://dna.nust.na/copyright.html
img_042075,img_042075.jpg,,Sperrgebiet,Edda Schoedder,1980-01-01,Landscape pictures of mountains and planes in the Sperrgebiet,,,-28.2,16.55,Schoedder Collection,,Image;StillImage,image/jpeg,eng,Namibia Institute of Architects,http://dna.nust.na/copyright.html
img_042076,img_042076.jpg,,Sperrgebiet,Edda Schoedder,1980-01-01,Landscape pictures of mountains and planes in the Sperrgebiet,,,-28.00,16.55,Schoedder Collection,,Image;StillImage,image/jpeg,eng,Namibia Institute of Architects,http://dna.nust.na/copyright.html
img_042077,img_042077.jpg,,Sperrgebiet,Edda Schoedder,1980-01-01,Landscape pictures of mountains and planes in the Sperrgebiet,,,-28.2,16.55,Schoedder Collection,,Image;StillImage,image/jpeg,eng,Namibia Institute of Architects,http://dna.nust.na/copyright.html
img_042078,img_042078.jpg,,Sperrgebiet,Edda Schoedder,1980-01-01,Landscape pictures of mountains and planes in the Sperrgebiet,,,-28.2,16.55,Schoedder Collection,,Image;StillImage,image/jpeg,eng,Namibia Institute of Architects,http://dna.nust.na/copyright.html
img_042079,img_042079.jpg,,Sperrgebiet,Edda Schoedder,1980-01-01,Landscape pictures of mountains and planes in the Sperrgebiet,,,-28.2,16.55,Schoedder Collection,,Image;StillImage,image/jpeg,eng,Namibia Institute of Architects,http://dna.nust.na/copyright.html
img_042080,img_042080.jpg,,Sperrgebiet,Edda Schoedder,1980-01-01,Landscape pictures of mountains and planes in the Sperrgebiet,,,-28.2,16.55,Schoedder Collection,,Image;StillImage,image/jpeg,eng,Namibia Institute of Architects,http://dna.nust.na/copyright.html
img_042081,img_042081.jpg,,Sperrgebiet,Edda Schoedder,1980-01-01,Landscape pictures of mountains and planes in the Sperrgebiet,,,-28.2,16.55,Schoedder Collection,,Image;StillImage,image/jpeg,eng,Namibia Institute of Architects,http://dna.nust.na/copyright.html
img_042082,img_042082.jpg,,Sperrgebiet,Edda Schoedder,1980-01-01,Landscape pictures of mountains and planes in the Sperrgebiet,,,-28.2,16.55,Schoedder Collection,,Image;StillImage,image/jpeg,eng,Namibia Institute of Architects,http://dna.nust.na/copyright.html
img_042083,img_042083.jpg,,Sperrgebiet,Edda Schoedder,1980-01-01,Landscape pictures of mountains and planes in the Sperrgebiet,,,-28.2,16.55,Schoedder Collection,,Image;StillImage,image/jpeg,eng,Namibia Institute of Architects,http://dna.nust.na/copyright.html
img_042084,img_042084.jpg,,Sperrgebiet,Edda Schoedder,1980-01-01,Landscape pictures of mountains and planes in the Sperrgebiet,,,-28.2,16.55,Schoedder Collection,,Image;StillImage,image/jpeg,eng,Namibia Institute of Architects,http://dna.nust.na/copyright.html
img_042085,img_042085.jpg,,Sperrgebiet,Edda Schoedder,1980-01-01,Landscape pictures of mountains and planes in the Sperrgebiet,,,-28.2,16.55,Schoedder Collection,,Image;StillImage,image/jpeg,eng,Namibia Institute of Architects,http://dna.nust.na/copyright.html
img_042086,img_042086.jpg,,Sperrgebiet,Edda Schoedder,1980-01-01,Landscape pictures of mountains and planes in the Sperrgebiet,,,-27.37,16.154,Schoedder Collection,,Image;StillImage,image/jpeg,eng,Namibia Institute of Architects,http://dna.nust.na/copyright.html
img_042087,img_042087.jpg,,Sperrgebiet,Edda Schoedder,1980-01-01,Landscape pictures of mountains and planes in the Sperrgebiet,,,-27.37,16.154,Schoedder Collection,,Image;StillImage,image/jpeg,eng,Namibia Institute of Architects,http://dna.nust.na/copyright.html
img_042088,img_042088.jpg,,Sperrgebiet,Edda Schoedder,1980-01-01,Landscape pictures of mountains and planes in the Sperrgebiet,,,-27.37,16.154,Schoedder Collection,,Image;StillImage,image/jpeg,eng,Namibia Institute of Architects,http://dna.nust.na/copyright.html
img_042089,img_042089.jpg,,Sperrgebiet,Edda Schoedder,1980-01-01,Landscape pictures of mountains and planes in the Sperrgebiet,,,-27.37,16.154,Schoedder Collection,,Image;StillImage,image/jpeg,eng,Namibia Institute of Architects,http://dna.nust.na/copyright.html
img_042090,img_042090.jpg,,Sperrgebiet,Edda Schoedder,1980-01-01,Landscape pictures of mountains and planes in the Sperrgebiet,,,-27.37,16.154,Schoedder Collection,,Image;StillImage,image/jpeg,eng,Namibia Institute of Architects,http://dna.nust.na/copyright.html
img_042091,img_042091.jpg,,Sperrgebiet,Edda Schoedder,1980-01-01,Landscape pictures of mountains and planes in the Sperrgebiet,,,-27.37,16.154,Schoedder Collection,,Image;StillImage,image/jpeg,eng,Namibia Institute of Architects,http://dna.nust.na/copyright.html
img_042092,img_042092.jpg,,Sperrgebiet,Edda Schoedder,1980-01-01,Landscape pictures of mountains and planes in the Sperrgebiet,,,-27.37,16.154,Schoedder Collection,,Image;StillImage,image/jpeg,eng,Namibia Institute of Architects,http://dna.nust.na/copyright.html
img_042093,img_042093.jpg,,Sperrgebiet,Edda Schoedder,1980-01-01,Landscape pictures of mountains and planes in the Sperrgebiet,,,-27.37,16.154,Schoedder Collection,,Image;StillImage,image/jpeg,eng,Namibia Institute of Architects,http://dna.nust.na/copyright.html
img_042094,img_042094.jpg,,Sperrgebiet,Edda Schoedder,1980-01-01,Landscape pictures of mountains and planes in the Sperrgebiet,,,-27.37,16.154,Schoedder Collection,,Image;StillImage,image/jpeg,eng,Namibia Institute of Architects,http://dna.nust.na/copyright.html
img_042095,img_042095.jpg,,Sperrgebiet,Edda Schoedder,1980-01-01,Landscape pictures of mountains and planes in the Sperrgebiet,,,-27.37,16.154,Schoedder Collection,,Image;StillImage,image/jpeg,eng,Namibia Institute of Architects,http://dna.nust.na/copyright.html
img_042098,img_042098.jpg,,Sperrgebiet,Edda Schoedder,1980-01-01,Landscape pictures of mountains and planes in the Sperrgebiet,,,-27.37,16.154,Schoedder Collection,,Image;StillImage,image/jpeg,eng,Namibia Institute of Architects,http://dna.nust.na/copyright.html
img_042099,img_042099.jpg,,Sperrgebiet,Edda Schoedder,1980-01-01,Landscape pictures of mountains and planes in the Sperrgebiet,,,-27.37,16.154,Schoedder Collection,,Image;StillImage,image/jpeg,eng,Namibia Institute of Architects,http://dna.nust.na/copyright.html
img_042100,img_042100.jpg,,Sperrgebiet,Edda Schoedder,1980-01-01,Landscape pictures of mountains and planes in the Sperrgebiet,,,-27.37,16.154,Schoedder Collection,,Image;StillImage,image/jpeg,eng,Namibia Institute of Architects,http://dna.nust.na/copyright.html
img_042101,img_042101.jpg,,Sperrgebiet,Edda Schoedder,1980-01-01,Landscape pictures of mountains and planes in the Sperrgebiet,,,-27.37,16.154,Schoedder Collection,,Image;StillImage,image/jpeg,eng,Namibia Institute of Architects,http://dna.nust.na/copyright.html
img_042102,img_042102.jpg,,Sperrgebiet,Edda Schoedder,1980-01-01,Landscape pictures of mountains and planes in the Sperrgebiet,,,-27.37,16.154,Schoedder Collection,,Image;StillImage,image/jpeg,eng,Namibia Institute of Architects,http://dna.nust.na/copyright.html
img_042103,img_042103.jpg,,Sperrgebiet,Edda Schoedder,1980-01-01,Landscape pictures of mountains and planes in the Sperrgebiet,,,-27.37,16.154,Schoedder Collection,,Image;StillImage,image/jpeg,eng,Namibia Institute of Architects,http://dna.nust.na/copyright.html
img_042104,img_042104.jpg,,Sperrgebiet,Edda Schoedder,1980-01-01,Landscape pictures of mountains and planes in the Sperrgebiet,,,-27.37,16.154,Schoedder Collection,,Image;StillImage,image/jpeg,eng,Namibia Institute of Architects,http://dna.nust.na/copyright.html
img_042105,img_042105.jpg,,Sperrgebiet,Edda Schoedder,1980-01-01,Landscape pictures of mountains and planes in the Sperrgebiet,,,-27.37,16.154,Schoedder Collection,,Image;StillImage,image/jpeg,eng,Namibia Institute of Architects,http://dna.nust.na/copyright.html
img_042106,img_042106.jpg,,Sperrgebiet,Edda Schoedder,1980-01-01,Landscape pictures of mountains and planes in the Sperrgebiet,,,-27.37,16.154,Schoedder Collection,,Image;StillImage,image/jpeg,eng,Namibia Institute of Architects,http://dna.nust.na/copyright.html
img_042107,img_042107.jpg,,Sperrgebiet,Edda Schoedder,1980-01-01,Landscape pictures of mountains and planes in the Sperrgebiet,,,-27.37,16.154,Schoedder Collection,,Image;StillImage,image/jpeg,eng,Namibia Institute of Architects,http://dna.nust.na/copyright.html
img_042108,img_042108.jpg,,Sperrgebiet,Edda Schoedder,1980-01-01,Landscape pictures of mountains and planes in the Sperrgebiet,,,-27.37,16.154,Schoedder Collection,,Image;StillImage,image/jpeg,eng,Namibia Institute of Architects,http://dna.nust.na/copyright.html
img_042109,img_042109.jpg,,Sperrgebiet,Edda Schoedder,1980-01-01,Landscape pictures of mountains and planes in the Sperrgebiet,,,-27.37,16.154,Schoedder Collection,,Image;StillImage,image/jpeg,eng,Namibia Institute of Architects,http://dna.nust.na/copyright.html
img_042110,img_042110.jpg,,Sperrgebiet,Edda Schoedder,1980-01-01,Landscape pictures of mountains and planes in the Sperrgebiet,,,-27.37,16.154,Schoedder Collection,,Image;StillImage,image/jpeg,eng,Namibia Institute of Architects,http://dna.nust.na/copyright.html
img_042111,img_042111.jpg,,Sperrgebiet,Edda Schoedder,1980-01-01,Landscape pictures of mountains and planes in the Sperrgebiet,,,-27.37,16.154,Schoedder Collection,,Image;StillImage,image/jpeg,eng,Namibia Institute of Architects,http://dna.nust.na/copyright.html
img_042112,img_042112.jpg,,Sperrgebiet,Edda Schoedder,1980-01-01,Landscape pictures of mountains and planes in the Sperrgebiet,,,-27.37,16.154,Schoedder Collection,,Image;StillImage,image/jpeg,eng,Namibia Institute of Architects,http://dna.nust.na/copyright.html
img_042113,img_042113.jpg,,Sperrgebiet,Edda Schoedder,1980-01-01,Landscape pictures of mountains and planes in the Sperrgebiet,,,-27.37,16.154,Schoedder Collection,,Image;StillImage,image/jpeg,eng,Namibia Institute of Architects,http://dna.nust.na/copyright.html
karte_sperrgebiet,karte_sperrgebiet.jpg,,"Karte des Sperrgebiets in Deutsch Südwestafrika in 10 Blättern, im Auftrage der Deutschen Diamanten Gesellschaft m.b.H. bearbeitet von P Sprigade und Dr H Lotz, Blatt 3 Lüderitzbucht",Sprigade,1913-00-00,,,,-26.918,15.21,NAN Collection,,Image;StillImage,image/jpeg,ger,National Archives of Namibia,http://dna.nust.na/copyright.html
img_042114,img_042114.jpg,,Elizabeth Bay. Ruins of old buildings,Edda Schoedder,1979-11-30,,,,-26.918889,15.204444,Schoedder Collection,,Image;StillImage,image/jpeg,eng,Namibia Institute of Architects,http://dna.nust.na/copyright.html
img_042115,img_042115.jpg,,Elizabeth Bay. Ruins of old buildings,Edda Schoedder,1979-11-30,,,,-26.918889,15.204444,Schoedder Collection,,Image;StillImage,image/jpeg,eng,Namibia Institute of Architects,http://dna.nust.na/copyright.html
img_042116,img_042116.jpg,,Elizabeth Bay. Ruins of old buildings,Edda Schoedder,1979-11-30,,,,-26.918889,15.204444,Schoedder Collection,,Image;StillImage,image/jpeg,eng,Namibia Institute of Architects,http://dna.nust.na/copyright.html
img_042117,img_042117.jpg,,Elizabeth Bay. Ruins of old buildings,Edda Schoedder,1979-11-30,,,,-26.918889,15.204444,Schoedder Collection,,Image;StillImage,image/jpeg,eng,Namibia Institute of Architects,http://dna.nust.na/copyright.html
img_042118,img_042118.jpg,,Elizabeth Bay. Ruins of old buildings,Edda Schoedder,1979-11-30,,,,-26.918889,15.204444,Schoedder Collection,,Image;StillImage,image/jpeg,eng,Namibia Institute of Architects,http://dna.nust.na/copyright.html
img_042119,img_042119.jpg,,Elizabeth Bay. Ruins of old buildings,Edda Schoedder,1979-11-30,,,,-26.918889,15.204444,Schoedder Collection,,Image;StillImage,image/jpeg,eng,Namibia Institute of Architects,http://dna.nust.na/copyright.html
img_042120,img_042120.jpg,,Elizabeth Bay. Ruins of old buildings,Edda Schoedder,1979-11-30,,,,-26.918889,15.204444,Schoedder Collection,,Image;StillImage,image/jpeg,eng,Namibia Institute of Architects,http://dna.nust.na/copyright.html
img_042121,img_042121.jpg,,Elizabeth Bay. Ruins of old buildings,Edda Schoedder,1979-11-30,,,,-26.918889,15.204444,Schoedder Collection,,Image;StillImage,image/jpeg,eng,Namibia Institute of Architects,http://dna.nust.na/copyright.html
img_042122,img_042122.jpg,,Elizabeth Bay. Ruins of old buildings,Edda Schoedder,1979-01-01,,,,-26.918889,15.204444,Schoedder Collection,,Image;StillImage,image/jpeg,eng,Namibia Institute of Architects,http://dna.nust.na/copyright.html
img_042123,img_042123.jpg,,Elizabeth Bay. Ruins of old buildings,Edda Schoedder,1979-11-30,,,,-26.918889,15.204444,Schoedder Collection,,Image;StillImage,image/jpeg,eng,Namibia Institute of Architects,http://dna.nust.na/copyright.html
img_042124,img_042124.jpg,,Elizabeth Bay. Ruins of old buildings,Edda Schoedder,1979-11-30,,,,-26.918889,15.204444,Schoedder Collection,,Image;StillImage,image/jpeg,eng,Namibia Institute of Architects,http://dna.nust.na/copyright.html
img_042125,img_042125.jpg,,Elizabeth Bay. Ruins of old buildings,Edda Schoedder,1980-01-01,,,,-26.918889,15.204444,Schoedder Collection,,Image;StillImage,image/jpeg,eng,Namibia Institute of Architects,http://dna.nust.na/copyright.html
img_042126,img_042126.jpg,,Elizabeth Bay. Ruins of old buildings,Edda Schoedder,1979-11-30,,,,-26.918889,15.204444,Schoedder Collection,,Image;StillImage,image/jpeg,eng,Namibia Institute of Architects,http://dna.nust.na/copyright.html
img_042127,img_042127.jpg,,Elizabeth Bay. Ruins of old buildings,Edda Schoedder,1980-01-01,,,,-26.918889,15.204444,Schoedder Collection,,Image;StillImage,image/jpeg,eng,Namibia Institute of Architects,http://dna.nust.na/copyright.html
img_042128,img_042128.jpg,,Elizabeth Bay. Ruins of old buildings,Edda Schoedder,1980-01-01,,,,-26.918889,15.204444,Schoedder Collection,,Image;StillImage,image/jpeg,eng,Namibia Institute of Architects,http://dna.nust.na/copyright.html
img_042129,img_042129.jpg,,Elizabeth Bay. Ruins of old buildings,Edda Schoedder,1980-01-01,,,,-26.918889,15.204444,Schoedder Collection,,Image;StillImage,image/jpeg,eng,Namibia Institute of Architects,http://dna.nust.na/copyright.html
img_042130,img_042130.jpg,,Elizabeth Bay. Ruins of old buildings,Edda Schoedder,1980-01-01,,,,-26.918889,15.204444,Schoedder Collection,,Image;StillImage,image/jpeg,eng,Namibia Institute of Architects,http://dna.nust.na/copyright.html
img_042131,img_042131.jpg,,Elizabeth Bay. Ruins of old buildings,Edda Schoedder,1980-01-01,,,,-26.918889,15.204444,Schoedder Collection,,Image;StillImage,image/jpeg,eng,Namibia Institute of Architects,http://dna.nust.na/copyright.html
img_042132,img_042132.jpg,,Elizabeth Bay. Ruins of old buildings,Edda Schoedder,1980-01-01,,,,-26.918889,15.204444,Schoedder Collection,,Image;StillImage,image/jpeg,eng,Namibia Institute of Architects,http://dna.nust.na/copyright.html
img_042133,img_042133.jpg,,Elizabeth Bay. Ruins of old buildings,Edda Schoedder,1980-01-01,,,,-26.918889,15.204444,Schoedder Collection,,Image;StillImage,image/jpeg,eng,Namibia Institute of Architects,http://dna.nust.na/copyright.html
img_042134,img_042134.jpg,,Elizabeth Bay. Ruins of old buildings,Edda Schoedder,1980-01-01,,,,-26.918889,15.204444,Schoedder Collection,,Image;StillImage,image/jpeg,eng,Namibia Institute of Architects,http://dna.nust.na/copyright.html
img_042135,img_042135.jpg,,Elizabeth Bay. Ruins of old buildings,Edda Schoedder,1980-01-01,,,,-26.918889,15.204444,Schoedder Collection,,Image;StillImage,image/jpeg,eng,Namibia Institute of Architects,http://dna.nust.na/copyright.html
img_042136,img_042136.jpg,,Elizabeth Bay. Ruins of old buildings,Edda Schoedder,1980-01-01,,,,-26.918889,15.204444,Schoedder Collection,,Image;StillImage,image/jpeg,eng,Namibia Institute of Architects,http://dna.nust.na/copyright.html
img_042137,img_042137.jpg,,Elizabeth Bay. Ruins of old buildings,Edda Schoedder,1980-01-01,,,,-26.918889,15.204444,Schoedder Collection,,Image;StillImage,image/jpeg,eng,Namibia Institute of Architects,http://dna.nust.na/copyright.html
img_042138,img_042138.jpg,,Elizabeth Bay. Ruins of old buildings,Edda Schoedder,1980-01-01,,,,-26.918889,15.204444,Schoedder Collection,,Image;StillImage,image/jpeg,eng,Namibia Institute of Architects,http://dna.nust.na/copyright.html
img_042139,img_042139.jpg,,Elizabeth Bay. Ruins of old buildings,Edda Schoedder,1980-01-01,,,,-26.918889,15.204444,Schoedder Collection,,Image;StillImage,image/jpeg,eng,Namibia Institute of Architects,http://dna.nust.na/copyright.html
img_042140,img_042140.jpg,,Elizabeth Bay. Ruins of old buildings,Edda Schoedder,1980-01-01,,,,-26.918889,15.204444,Schoedder Collection,,Image;StillImage,image/jpeg,eng,Namibia Institute of Architects,http://dna.nust.na/copyright.html
img_042141,img_042141.jpg,,Elizabeth Bay. Ruins of old buildings,Edda Schoedder,1980-01-01,,,,-26.918889,15.204444,Schoedder Collection,,Image;StillImage,image/jpeg,eng,Namibia Institute of Architects,http://dna.nust.na/copyright.html
img_042142,img_042142.jpg,,Elizabeth Bay. Ruins of old buildings,Edda Schoedder,1980-01-01,,,,-26.918889,15.204444,Schoedder Collection,,Image;StillImage,image/jpeg,eng,Namibia Institute of Architects,http://dna.nust.na/copyright.html
img_042143,img_042143.jpg,,Elizabeth Bay. Ruins of old buildings,Edda Schoedder,1980-01-01,,,,-26.918889,15.204444,Schoedder Collection,,Image;StillImage,image/jpeg,eng,Namibia Institute of Architects,http://dna.nust.na/copyright.html
img_042144,img_042144.jpg,,Elizabeth Bay. Ruins of old buildings,Edda Schoedder,1980-01-01,,,,-26.918889,15.204444,Schoedder Collection,,Image;StillImage,image/jpeg,eng,Namibia Institute of Architects,http://dna.nust.na/copyright.html
img_042145,img_042145.jpg,,Elizabeth Bay. Ruins of old buildings,Edda Schoedder,1980-01-01,,,,-26.918889,15.204444,Schoedder Collection,,Image;StillImage,image/jpeg,eng,Namibia Institute of Architects,http://dna.nust.na/copyright.html
img_042146,img_042146.jpg,,Elizabeth Bay. Ruins of old buildings,Edda Schoedder,1980-01-01,,,,-26.918889,15.204444,Schoedder Collection,,Image;StillImage,image/jpeg,eng,Namibia Institute of Architects,http://dna.nust.na/copyright.html
img_042147,img_042147.jpg,,Elizabeth Bay. Ruins of old buildings,Edda Schoedder,1980-01-01,,,,-26.918889,15.204444,Schoedder Collection,,Image;StillImage,image/jpeg,eng,Namibia Institute of Architects,http://dna.nust.na/copyright.html
img_042148,img_042148.jpg,,Elizabeth Bay. Ruins of old buildings,Edda Schoedder,1980-01-01,,,,-26.918889,15.204444,Schoedder Collection,,Image;StillImage,image/jpeg,eng,Namibia Institute of Architects,http://dna.nust.na/copyright.html
img_042149,img_042149.jpg,,Elizabeth Bay. Ruins of old buildings,Edda Schoedder,1980-01-01,,,,-26.918889,15.204444,Schoedder Collection,,Image;StillImage,image/jpeg,eng,Namibia Institute of Architects,http://dna.nust.na/copyright.html
img_042150,img_042150.jpg,,Elizabeth Bay. Ruins of old buildings,Edda Schoedder,1980-01-01,,,,-26.918889,15.204444,Schoedder Collection,,Image;StillImage,image/jpeg,eng,Namibia Institute of Architects,http://dna.nust.na/copyright.html
img_042151,img_042151.jpg,,Elizabeth Bay. Ruins of old buildings,Edda Schoedder,1980-01-01,,,,-26.918889,15.204444,Schoedder Collection,,Image;StillImage,image/jpeg,eng,Namibia Institute of Architects,http://dna.nust.na/copyright.html
img_042152,img_042152.jpg,,Elizabeth Bay. Ruins of old buildings,Edda Schoedder,1980-01-01,,,,-26.918889,15.204444,Schoedder Collection,,Image;StillImage,image/jpeg,eng,Namibia Institute of Architects,http://dna.nust.na/copyright.html
img_042153,img_042153.jpg,,Elizabeth Bay. Ruins of old buildings,Edda Schoedder,1980-01-01,,,,-26.918889,15.204444,Schoedder Collection,,Image;StillImage,image/jpeg,eng,Namibia Institute of Architects,http://dna.nust.na/copyright.html
img_042154,img_042154.jpg,,Elizabeth Bay. Ruins of old buildings,Edda Schoedder,1980-01-01,,,,-26.918889,15.204444,Schoedder Collection,,Image;StillImage,image/jpeg,eng,Namibia Institute of Architects,http://dna.nust.na/copyright.html
img_042155,img_042155.jpg,,Elizabeth Bay. Ruins of old buildings,Edda Schoedder,1980-01-01,,,,-26.918889,15.204444,Schoedder Collection,,Image;StillImage,image/jpeg,eng,Namibia Institute of Architects,http://dna.nust.na/copyright.html
img_042156,img_042156.jpg,,Elizabeth Bay. Ruins of old buildings,Edda Schoedder,1980-01-01,,,,-26.918889,15.204444,Schoedder Collection,,Image;StillImage,image/jpeg,eng,Namibia Institute of Architects,http://dna.nust.na/copyright.html
img_042157,img_042157.jpg,,Elizabeth Bay. Ruins of old buildings,Edda Schoedder,1980-01-01,,,,-26.918889,15.204444,Schoedder Collection,,Image;StillImage,image/jpeg,eng,Namibia Institute of Architects,http://dna.nust.na/copyright.html
img_042158,img_042158.jpg,,Elizabeth Bay. Ruins of old buildings,Edda Schoedder,1980-01-01,,,,-26.918889,15.204444,Schoedder Collection,,Image;StillImage,image/jpeg,eng,Namibia Institute of Architects,http://dna.nust.na/copyright.html
img_042159,img_042159.jpg,,Elizabeth Bay. Ruins of old buildings,Edda Schoedder,1980-01-01,,,,-26.918889,15.204444,Schoedder Collection,,Image;StillImage,image/jpeg,eng,Namibia Institute of Architects,http://dna.nust.na/copyright.html
img_042160,img_042160.jpg,,Elizabeth Bay. Ruins of old buildings,Edda Schoedder,1980-01-01,,,,-26.918889,15.204444,Schoedder Collection,,Image;StillImage,image/jpeg,eng,Namibia Institute of Architects,http://dna.nust.na/copyright.html
img_042161,img_042161.jpg,,Elizabeth Bay. Ruins of old buildings,Edda Schoedder,1980-01-01,,,,-26.918889,15.204444,Schoedder Collection,,Image;StillImage,image/jpeg,eng,Namibia Institute of Architects,http://dna.nust.na/copyright.html
img_042162,img_042162.jpg,,Elizabeth Bay. Ruins of old buildings,Edda Schoedder,1980-01-01,,,,-26.918889,15.204444,Schoedder Collection,,Image;StillImage,image/jpeg,eng,Namibia Institute of Architects,http://dna.nust.na/copyright.html
img_042163,img_042163.jpg,,Elizabeth Bay. Ruins of old buildings,Edda Schoedder,1980-01-01,,,,-26.918889,15.204444,Schoedder Collection,,Image;StillImage,image/jpeg,eng,Namibia Institute of Architects,http://dna.nust.na/copyright.html
img_042164,img_042164.jpg,,Elizabeth Bay. Ruins of old buildings,Edda Schoedder,1980-01-01,,,,-26.918889,15.204444,Schoedder Collection,,Image;StillImage,image/jpeg,eng,Namibia Institute of Architects,http://dna.nust.na/copyright.html
img_042165,img_042165.jpg,,Elizabeth Bay. Ruins of old buildings,Edda Schoedder,1980-01-01,,,,-26.918889,15.204444,Schoedder Collection,,Image;StillImage,image/jpeg,eng,Namibia Institute of Architects,http://dna.nust.na/copyright.html
img_042166,img_042166.jpg,,Elizabeth Bay. Ruins of old buildings,Edda Schoedder,1980-01-01,,,,-26.918889,15.204444,Schoedder Collection,,Image;StillImage,image/jpeg,eng,Namibia Institute of Architects,http://dna.nust.na/copyright.html
img_042167,img_042167.jpg,,Elizabeth Bay. Ruins of old buildings,Edda Schoedder,1980-01-01,,,,-26.918889,15.204444,Schoedder Collection,,Image;StillImage,image/jpeg,eng,Namibia Institute of Architects,http://dna.nust.na/copyright.html
img_042168,img_042168.jpg,,Elizabeth Bay. Ruins of old buildings,Edda Schoedder,1980-01-01,,,,-26.918889,15.204444,Schoedder Collection,,Image;StillImage,image/jpeg,eng,Namibia Institute of Architects,http://dna.nust.na/copyright.html
img_042169,img_042169.jpg,,Elizabeth Bay. Ruins of old buildings,Edda Schoedder,1980-01-01,,,,-26.918889,15.204444,Schoedder Collection,,Image;StillImage,image/jpeg,eng,Namibia Institute of Architects,http://dna.nust.na/copyright.html
img_042170,img_042170.jpg,,Elizabeth Bay. Ruins of old buildings,Edda Schoedder,1980-01-01,,,,-26.918889,15.204444,Schoedder Collection,,Image;StillImage,image/jpeg,eng,Namibia Institute of Architects,http://dna.nust.na/copyright.html
img_042171,img_042171.jpg,,Elizabeth Bay. Ruins of old buildings,Edda Schoedder,1980-01-01,,,,-26.918889,15.204444,Schoedder Collection,,Image;StillImage,image/jpeg,eng,Namibia Institute of Architects,http://dna.nust.na/copyright.html
img_042172,img_042172.jpg,,Elizabeth Bay. Ruins of old buildings,Edda Schoedder,1980-01-01,,,,-26.918889,15.204444,Schoedder Collection,,Image;StillImage,image/jpeg,eng,Namibia Institute of Architects,http://dna.nust.na/copyright.html
img_042173,img_042173.jpg,,Elizabeth Bay. Ruins of old buildings,Edda Schoedder,1980-01-01,,,,-26.918889,15.204444,Schoedder Collection,,Image;StillImage,image/jpeg,eng,Namibia Institute of Architects,http://dna.nust.na/copyright.html
img_042096,img_042096.jpg,,Sperrgebiet. Bogenfels,Edda Schoedder,1979-11-30,,,,-27.37,16.154,Schoedder Collection,,Image;StillImage,image/jpeg,eng,Namibia Institute of Architects,http://dna.nust.na/copyright.html
img_042097,img_042097.jpg,,Sperrgebiet. Bogenfels,Edda Schoedder,1979-11-30,,,,-27.37,16.154,Schoedder Collection,,Image;StillImage,image/jpeg,eng,Namibia Institute of Architects,http://dna.nust.na/copyright.html
img_042098,img_042098.jpg,,Sperrgebiet. Bogenfels,Edda Schoedder,1979-11-30,,,,-27.37,16.154,Schoedder Collection,,Image;StillImage,image/jpeg,eng,Namibia Institute of Architects,http://dna.nust.na/copyright.html
img_042174,img_042174.jpg,,Charlottental. Ruins,Edda Schoedder,1979-11-30,Pictures of an old abandoned diamond mining town north east of Lüderitz. Equipment as it was left by the miners,,,-26.659997,15.232284,Schoedder Collection,,Image;StillImage,image/jpeg,eng,Namibia Institute of Architects,http://dna.nust.na/copyright.html
img_042175,img_042175.jpg,,Charlottental. Ruins,Edda Schoedder,1979-11-30,Pictures of an old abandoned diamond mining town north east of Lüderitz. Equipment as it was left by the miners,,,-26.659997,15.232284,Schoedder Collection,,Image;StillImage,image/jpeg,eng,Namibia Institute of Architects,http://dna.nust.na/copyright.html
img_042176,img_042176.jpg,,Charlottental. Ruins,Edda Schoedder,1979-11-30,Pictures of an old abandoned diamond mining town north east of Lüderitz. Equipment as it was left by the miners,,,-26.659997,15.232284,Schoedder Collection,,Image;StillImage,image/jpeg,eng,Namibia Institute of Architects,http://dna.nust.na/copyright.html
img_042177,img_042177.jpg,,Charlottental. Ruins,Edda Schoedder,1979-11-30,Pictures of an old abandoned diamond mining town north east of Lüderitz. Equipment as it was left by the miners,,,-26.659997,15.232284,Schoedder Collection,,Image;StillImage,image/jpeg,eng,Namibia Institute of Architects,http://dna.nust.na/copyright.html
img_042178,img_042178.jpg,,Charlottental. Ruins,Edda Schoedder,1979-11-30,Pictures of an old abandoned diamond mining town north east of Lüderitz. Equipment as it was left by the miners,,,-26.659997,15.232284,Schoedder Collection,,Image;StillImage,image/jpeg,eng,Namibia Institute of Architects,http://dna.nust.na/copyright.html
img_042179,img_042179.jpg,,Charlottental. Ruins,Edda Schoedder,1979-11-30,Pictures of an old abandoned diamond mining town north east of Lüderitz. Equipment as it was left by the miners,,,-26.659997,15.232284,Schoedder Collection,,Image;StillImage,image/jpeg,eng,Namibia Institute of Architects,http://dna.nust.na/copyright.html
img_042180,img_042180.jpg,,Charlottental. Ruins,Edda Schoedder,1979-11-30,Pictures of an old abandoned diamond mining town north east of Lüderitz. Equipment as it was left by the miners,,,-26.659997,15.232284,Schoedder Collection,,Image;StillImage,image/jpeg,eng,Namibia Institute of Architects,http://dna.nust.na/copyright.html
img_042181,img_042181.jpg,,Charlottental. Ruins,Edda Schoedder,1979-11-30,Pictures of an old abandoned diamond mining town north east of Lüderitz. Equipment as it was left by the miners,,,-26.659997,15.232284,Schoedder Collection,,Image;StillImage,image/jpeg,eng,Namibia Institute of Architects,http://dna.nust.na/copyright.html
img_042182,img_042182.jpg,,Charlottental. Ruins,Edda Schoedder,1979-11-30,Pictures of an old abandoned diamond mining town north east of Lüderitz. Equipment as it was left by the miners,,,-26.659997,15.232284,Schoedder Collection,,Image;StillImage,image/jpeg,eng,Namibia Institute of Architects,http://dna.nust.na/copyright.html
img_042183,img_042183.jpg,,Charlottental. Ruins,Edda Schoedder,1979-11-30,Pictures of an old abandoned diamond mining town north east of Lüderitz. Equipment as it was left by the miners,,,-26.659997,15.232284,Schoedder Collection,,Image;StillImage,image/jpeg,eng,Namibia Institute of Architects,http://dna.nust.na/copyright.html
img_042184,img_042184.jpg,,Charlottental. Ruins,Edda Schoedder,1979-11-30,Pictures of an old abandoned diamond mining town north east of Lüderitz. Equipment as it was left by the miners,,,-26.659997,15.232284,Schoedder Collection,,Image;StillImage,image/jpeg,eng,Namibia Institute of Architects,http://dna.nust.na/copyright.html
img_042185,img_042185.jpg,,Charlottental. Ruins,Edda Schoedder,1979-11-30,Pictures of an old abandoned diamond mining town north east of Lüderitz. Equipment as it was left by the miners,,,-26.659997,15.232284,Schoedder Collection,,Image;StillImage,image/jpeg,eng,Namibia Institute of Architects,http://dna.nust.na/copyright.html
img_042186,img_042186.jpg,,Charlottental. Ruins,Edda Schoedder,1979-11-30,Pictures of an old abandoned diamond mining town north east of Lüderitz. Equipment as it was left by the miners,,,-26.659997,15.232284,Schoedder Collection,,Image;StillImage,image/jpeg,eng,Namibia Institute of Architects,http://dna.nust.na/copyright.html
img_042187,img_042187.jpg,,Charlottental. Ruins,Edda Schoedder,1979-11-30,Pictures of an old abandoned diamond mining town north east of Lüderitz. Equipment as it was left by the miners,,,-26.659997,15.232284,Schoedder Collection,,Image;StillImage,image/jpeg,eng,Namibia Institute of Architects,http://dna.nust.na/copyright.html
img_042188,img_042188.jpg,,Charlottental. Ruins,Edda Schoedder,1979-11-30,Pictures of an old abandoned diamond mining town north east of Lüderitz. Equipment as it was left by the miners,,,-26.659997,15.232284,Schoedder Collection,,Image;StillImage,image/jpeg,eng,Namibia Institute of Architects,http://dna.nust.na/copyright.html
img_042189,img_042189.jpg,,Charlottental. Ruins,Edda Schoedder,1979-11-30,Pictures of an old abandoned diamond mining town north east of Lüderitz. Equipment as it was left by the miners,,,-26.659997,15.232284,Schoedder Collection,,Image;StillImage,image/jpeg,eng,Namibia Institute of Architects,http://dna.nust.na/copyright.html
img_042190,img_042190.jpg,,Charlottental. Ruins,Edda Schoedder,1979-11-30,Pictures of an old abandoned diamond mining town north east of Lüderitz. Equipment as it was left by the miners,,,-26.659997,15.232284,Schoedder Collection,,Image;StillImage,image/jpeg,eng,Namibia Institute of Architects,http://dna.nust.na/copyright.html
img_042191,img_042191.jpg,,Charlottental. Ruins,Edda Schoedder,1979-11-30,Pictures of an old abandoned diamond mining town north east of Lüderitz. Equipment as it was left by the miners,,,-26.659997,15.232284,Schoedder Collection,,Image;StillImage,image/jpeg,eng,Namibia Institute of Architects,http://dna.nust.na/copyright.html
img_042192,img_042192.jpg,,Charlottental. Ruins,Edda Schoedder,1979-11-30,Pictures of an old abandoned diamond mining town north east of Lüderitz. Equipment as it was left by the miners,,,-26.659997,15.232284,Schoedder Collection,,Image;StillImage,image/jpeg,eng,Namibia Institute of Architects,http://dna.nust.na/copyright.html
img_042193,img_042193.jpg,,Charlottental. Ruins,Edda Schoedder,1979-11-30,Pictures of an old abandoned diamond mining town north east of Lüderitz. Equipment as it was left by the miners,,,-26.659997,15.232284,Schoedder Collection,,Image;StillImage,image/jpeg,eng,Namibia Institute of Architects,http://dna.nust.na/copyright.html
img_042194,img_042194.jpg,,Charlottental. Ruins,Edda Schoedder,1979-11-30,Pictures of an old abandoned diamond mining town north east of Lüderitz. Equipment as it was left by the miners,,,-26.659997,15.232284,Schoedder Collection,,Image;StillImage,image/jpeg,eng,Namibia Institute of Architects,http://dna.nust.na/copyright.html
img_042195,img_042195.jpg,,Charlottental. Ruins,Edda Schoedder,1979-11-30,Pictures of an old abandoned diamond mining town north east of Lüderitz. Equipment as it was left by the miners,,,-26.659997,15.232284,Schoedder Collection,,Image;StillImage,image/jpeg,eng,Namibia Institute of Architects,http://dna.nust.na/copyright.html
img_042196,img_042196.jpg,,Charlottental. Ruins,Edda Schoedder,1979-11-30,Pictures of an old abandoned diamond mining town north east of Lüderitz. Equipment as it was left by the miners,,,-26.659997,15.232284,Schoedder Collection,,Image;StillImage,image/jpeg,eng,Namibia Institute of Architects,http://dna.nust.na/copyright.html
img_042197,img_042197.jpg,,Charlottental. Ruins,Edda Schoedder,1979-11-30,Pictures of an old abandoned diamond mining town north east of Lüderitz. Equipment as it was left by the miners,,,-26.659997,15.232284,Schoedder Collection,,Image;StillImage,image/jpeg,eng,Namibia Institute of Architects,http://dna.nust.na/copyright.html
img_042198,img_042198.jpg,,Charlottental. Ruins,Edda Schoedder,1979-11-30,Pictures of an old abandoned diamond mining town north east of Lüderitz. Equipment as it was left by the miners,,,-26.659997,15.232284,Schoedder Collection,,Image;StillImage,image/jpeg,eng,Namibia Institute of Architects,http://dna.nust.na/copyright.html
img_042199,img_042199.jpg,,Charlottental. Ruins,Edda Schoedder,1979-11-30,Pictures of an old abandoned diamond mining town north east of Lüderitz. Equipment as it was left by the miners,,,-26.659997,15.232284,Schoedder Collection,,Image;StillImage,image/jpeg,eng,Namibia Institute of Architects,http://dna.nust.na/copyright.html
img_042200,img_042200.jpg,,Charlottental. Ruins,Edda Schoedder,1979-11-30,Pictures of an old abandoned diamond mining town north east of Lüderitz. Equipment as it was left by the miners,,,-26.659997,15.232284,Schoedder Collection,,Image;StillImage,image/jpeg,eng,Namibia Institute of Architects,http://dna.nust.na/copyright.html
img_042201,img_042201.jpg,,Charlottental. Ruins,Edda Schoedder,1979-11-30,Pictures of an old abandoned diamond mining town north east of Lüderitz. Equipment as it was left by the miners,,,-26.659997,15.232284,Schoedder Collection,,Image;StillImage,image/jpeg,eng,Namibia Institute of Architects,http://dna.nust.na/copyright.html
img_042202,img_042202.jpg,,Charlottental. Ruins,Edda Schoedder,1979-11-30,Pictures of an old abandoned diamond mining town north east of Lüderitz. Equipment as it was left by the miners,,,-26.659997,15.232284,Schoedder Collection,,Image;StillImage,image/jpeg,eng,Namibia Institute of Architects,http://dna.nust.na/copyright.html
img_042203,img_042203.jpg,,Charlottental. Ruins,Edda Schoedder,1979-11-30,Pictures of an old abandoned diamond mining town north east of Lüderitz. Equipment as it was left by the miners,,,-26.659997,15.232284,Schoedder Collection,,Image;StillImage,image/jpeg,eng,Namibia Institute of Architects,http://dna.nust.na/copyright.html
img_042204,img_042204.jpg,,Charlottental. Ruins,Edda Schoedder,1979-11-30,Pictures of an old abandoned diamond mining town north east of Lüderitz. Equipment as it was left by the miners,,,-26.659997,15.232284,Schoedder Collection,,Image;StillImage,image/jpeg,eng,Namibia Institute of Architects,http://dna.nust.na/copyright.html
img_042206,img_042206.jpg,,Namib Desert. Maltahöhe,Edda Schoedder,1980-01-01,Randgebirge and desert,,,-27.37,16.154,Schoedder Collection,,Image;StillImage,image/jpeg,eng,Namibia Institute of Architects,http://dna.nust.na/copyright.html
img_042207,img_042207.jpg,,Namib Desert. Maltahöhe,Edda Schoedder,1980-01-01,Randgebirge and desert,,,-27.37,16.154,Schoedder Collection,,Image;StillImage,image/jpeg,eng,Namibia Institute of Architects,http://dna.nust.na/copyright.html
img_042208,img_042208.jpg,,Namib Desert. Maltahöhe,Edda Schoedder,1980-01-01,Randgebirge and desert,,,-27.37,16.154,Schoedder Collection,,Image;StillImage,image/jpeg,eng,Namibia Institute of Architects,http://dna.nust.na/copyright.html
img_042209,img_042209.jpg,,Namib Desert. Maltahöhe,Edda Schoedder,1980-01-01,Randgebirge and desert,,,-27.37,16.154,Schoedder Collection,,Image;StillImage,image/jpeg,eng,Namibia Institute of Architects,http://dna.nust.na/copyright.html
img_042210,img_042210.jpg,,Namib Desert. Maltahöhe,Edda Schoedder,1980-01-01,Randgebirge and desert,,,-27.37,16.154,Schoedder Collection,,Image;StillImage,image/jpeg,eng,Namibia Institute of Architects,http://dna.nust.na/copyright.html
img_042211,img_042211.jpg,,Namib Desert. Maltahöhe,Edda Schoedder,1980-01-01,Randgebirge and desert,,,-27.37,16.154,Schoedder Collection,,Image;StillImage,image/jpeg,eng,Namibia Institute of Architects,http://dna.nust.na/copyright.html
img_042212,img_042212.jpg,,Namib Desert. Maltahöhe,Edda Schoedder,1980-01-01,Randgebirge and desert,,,-27.37,16.154,Schoedder Collection,,Image;StillImage,image/jpeg,eng,Namibia Institute of Architects,http://dna.nust.na/copyright.html
img_042213,img_042213.jpg,,Namib Desert. Maltahöhe,Edda Schoedder,1980-01-01,Randgebirge and desert,,,-27.37,16.154,Schoedder Collection,,Image;StillImage,image/jpeg,eng,Namibia Institute of Architects,http://dna.nust.na/copyright.html
img_042214,img_042214.jpg,,Namib Desert. Maltahöhe,Edda Schoedder,1980-01-01,Randgebirge and desert,,,-27.37,16.154,Schoedder Collection,,Image;StillImage,image/jpeg,eng,Namibia Institute of Architects,http://dna.nust.na/copyright.html
img_042215,img_042215.jpg,,Namib Desert. Maltahöhe,Edda Schoedder,1980-01-01,Randgebirge and desert,,,-27.37,16.154,Schoedder Collection,,Image;StillImage,image/jpeg,eng,Namibia Institute of Architects,http://dna.nust.na/copyright.html
img_042216,img_042216.jpg,,Namib Desert. Maltahöhe,Edda Schoedder,1980-01-01,Randgebirge and desert,,,-27.37,16.154,Schoedder Collection,,Image;StillImage,image/jpeg,eng,Namibia Institute of Architects,http://dna.nust.na/copyright.html
img_042217,img_042217.jpg,,Namib Desert. Maltahöhe,Edda Schoedder,1980-01-01,Randgebirge and desert,,,-27.37,16.154,Schoedder Collection,,Image;StillImage,image/jpeg,eng,Namibia Institute of Architects,http://dna.nust.na/copyright.html
img_042218,img_042218.jpg,,Namib Desert. Maltahöhe,Edda Schoedder,1980-01-01,Randgebirge and desert,,,-27.37,16.154,Schoedder Collection,,Image;StillImage,image/jpeg,eng,Namibia Institute of Architects,http://dna.nust.na/copyright.html
img_042219,img_042219.jpg,,Namib Desert. Maltahöhe,Edda Schoedder,1980-01-01,Randgebirge and desert,,,-27.37,16.154,Schoedder Collection,,Image;StillImage,image/jpeg,eng,Namibia Institute of Architects,http://dna.nust.na/copyright.html
img_042220,img_042220.jpg,,Namib Desert. Maltahöhe,Edda Schoedder,1980-01-01,Randgebirge and desert,,,-27.37,16.154,Schoedder Collection,,Image;StillImage,image/jpeg,eng,Namibia Institute of Architects,http://dna.nust.na/copyright.html
img_042221,img_042221.jpg,,Namib Desert. Maltahöhe,Edda Schoedder,1980-01-01,Randgebirge and desert,,,-27.37,16.154,Schoedder Collection,,Image;StillImage,image/jpeg,eng,Namibia Institute of Architects,http://dna.nust.na/copyright.html
img_042222,img_042222.jpg,,Namib Desert. Maltahöhe,Edda Schoedder,1980-01-01,Randgebirge and desert,,,-27.37,16.154,Schoedder Collection,,Image;StillImage,image/jpeg,eng,Namibia Institute of Architects,http://dna.nust.na/copyright.html
img_042223,img_042223.jpg,,Namib Desert. Maltahöhe,Edda Schoedder,1980-01-01,Randgebirge and desert,,,-27.37,16.154,Schoedder Collection,,Image;StillImage,image/jpeg,eng,Namibia Institute of Architects,http://dna.nust.na/copyright.html
img_042224,img_042224.jpg,,Namib Desert. Maltahöhe,Edda Schoedder,1980-01-01,Randgebirge and desert,,,-27.37,16.154,Schoedder Collection,,Image;StillImage,image/jpeg,eng,Namibia Institute of Architects,http://dna.nust.na/copyright.html
img_042225,img_042225.jpg,,Namib Desert. Maltahöhe,Edda Schoedder,1980-01-01,Randgebirge and desert,,,-27.37,16.154,Schoedder Collection,,Image;StillImage,image/jpeg,eng,Namibia Institute of Architects,http://dna.nust.na/copyright.html
img_042226,img_042226.jpg,,Namib Desert. Maltahöhe,Edda Schoedder,1980-01-01,Randgebirge and desert,,,-27.37,16.154,Schoedder Collection,,Image;StillImage,image/jpeg,eng,Namibia Institute of Architects,http://dna.nust.na/copyright.html
img_042227,img_042227.jpg,,Namib Desert. Maltahöhe,Edda Schoedder,1980-01-01,Randgebirge and desert,,,-27.37,16.154,Schoedder Collection,,Image;StillImage,image/jpeg,eng,Namibia Institute of Architects,http://dna.nust.na/copyright.html
img_042228,img_042228.jpg,,Namib Desert. Maltahöhe,Edda Schoedder,1980-01-01,Randgebirge and desert,,,-27.37,16.154,Schoedder Collection,,Image;StillImage,image/jpeg,eng,Namibia Institute of Architects,http://dna.nust.na/copyright.html
img_042229,img_042229.jpg,,Namib Desert. Maltahöhe,Edda Schoedder,1980-01-01,Randgebirge and desert,,,-27.37,16.154,Schoedder Collection,,Image;StillImage,image/jpeg,eng,Namibia Institute of Architects,http://dna.nust.na/copyright.html
img_042230,img_042230.jpg,,Namib Desert. Maltahöhe,Edda Schoedder,1980-01-01,Randgebirge and desert,,,-27.37,16.154,Schoedder Collection,,Image;StillImage,image/jpeg,eng,Namibia Institute of Architects,http://dna.nust.na/copyright.html
img_042231,img_042231.jpg,,Namib Desert. Maltahöhe,Edda Schoedder,1980-01-01,Randgebirge and desert,,,-27.37,16.154,Schoedder Collection,,Image;StillImage,image/jpeg,eng,Namibia Institute of Architects,http://dna.nust.na/copyright.html
img_042232,img_042232.jpg,,Namib Desert. Maltahöhe,Edda Schoedder,1980-01-01,Randgebirge and desert,,,-27.37,16.154,Schoedder Collection,,Image;StillImage,image/jpeg,eng,Namibia Institute of Architects,http://dna.nust.na/copyright.html
img_042233,img_042233.jpg,,Namib Desert. Maltahöhe,Edda Schoedder,1980-01-01,Randgebirge and desert,,,-27.37,16.154,Schoedder Collection,,Image;StillImage,image/jpeg,eng,Namibia Institute of Architects,http://dna.nust.na/copyright.html
img_042234,img_042234.jpg,,Namib Desert. Maltahöhe,Edda Schoedder,1980-01-01,Randgebirge and desert,,,-27.37,16.154,Schoedder Collection,,Image;StillImage,image/jpeg,eng,Namibia Institute of Architects,http://dna.nust.na/copyright.html
img_042235,img_042235.jpg,,Namib Desert. Maltahöhe,Edda Schoedder,1980-01-01,Randgebirge and desert,,,-27.37,16.154,Schoedder Collection,,Image;StillImage,image/jpeg,eng,Namibia Institute of Architects,http://dna.nust.na/copyright.html
img_042236,img_042236.jpg,,Namib Desert. Maltahöhe,Edda Schoedder,1980-01-01,Randgebirge and desert,,,-27.37,16.154,Schoedder Collection,,Image;StillImage,image/jpeg,eng,Namibia Institute of Architects,http://dna.nust.na/copyright.html
img_042237,img_042237.jpg,,Namib Desert. Maltahöhe,Edda Schoedder,1980-01-01,Randgebirge and desert,,,-27.37,16.154,Schoedder Collection,,Image;StillImage,image/jpeg,eng,Namibia Institute of Architects,http://dna.nust.na/copyright.html
img_042238,img_042238.jpg,,Namib Desert. Maltahöhe,Edda Schoedder,1980-01-01,Randgebirge and desert,,,-27.37,16.154,Schoedder Collection,,Image;StillImage,image/jpeg,eng,Namibia Institute of Architects,http://dna.nust.na/copyright.html
img_042240,img_042240.jpg,,Namib Desert and Sossusvlei,Edda Schoedder,1980-01-01,Aerial photos of parts of the Karas Region,,,-27.37,16.154,Schoedder Collection,,Image;StillImage,image/jpeg,eng,Namibia Institute of Architects,http://dna.nust.na/copyright.html
img_042241,img_042241.jpg,,Namib Desert and Sossusvlei,Edda Schoedder,1980-01-01,Aerial photos of parts of the Karas Region,,,-27.37,16.154,Schoedder Collection,,Image;StillImage,image/jpeg,eng,Namibia Institute of Architects,http://dna.nust.na/copyright.html
img_042242,img_042242.jpg,,Namib Desert and Sossusvlei,Edda Schoedder,1980-01-01,Aerial photos of parts of the Karas Region,,,-27.37,16.154,Schoedder Collection,,Image;StillImage,image/jpeg,eng,Namibia Institute of Architects,http://dna.nust.na/copyright.html
img_042243,img_042243.jpg,,Namib Desert and Sossusvlei,Edda Schoedder,1980-01-01,Aerial photos of parts of the Karas Region,,,-27.37,16.154,Schoedder Collection,,Image;StillImage,image/jpeg,eng,Namibia Institute of Architects,http://dna.nust.na/copyright.html
img_042244,img_042244.jpg,,Namib Desert and Sossusvlei,Edda Schoedder,1980-01-01,Aerial photos of parts of the Karas Region,,,-27.37,16.154,Schoedder Collection,,Image;StillImage,image/jpeg,eng,Namibia Institute of Architects,http://dna.nust.na/copyright.html
img_042245,img_042245.jpg,,Namib Desert and Sossusvlei,Edda Schoedder,1980-01-01,Aerial photos of parts of the Karas Region,,,-27.37,16.154,Schoedder Collection,,Image;StillImage,image/jpeg,eng,Namibia Institute of Architects,http://dna.nust.na/copyright.html
img_042246,img_042246.jpg,,Namib Desert and Sossusvlei,Edda Schoedder,1980-01-01,Aerial photos of parts of the Karas Region,,,-27.37,16.154,Schoedder Collection,,Image;StillImage,image/jpeg,eng,Namibia Institute of Architects,http://dna.nust.na/copyright.html
img_042247,img_042247.jpg,,Namib Desert and Sossusvlei,Edda Schoedder,1980-01-01,Aerial photos of parts of the Karas Region,,,-27.37,16.154,Schoedder Collection,,Image;StillImage,image/jpeg,eng,Namibia Institute of Architects,http://dna.nust.na/copyright.html
img_042248,img_042248.jpg,,Namib Desert and Sossusvlei,Edda Schoedder,1980-01-01,Aerial photos of parts of the Karas Region,,,-27.37,16.154,Schoedder Collection,,Image;StillImage,image/jpeg,eng,Namibia Institute of Architects,http://dna.nust.na/copyright.html
img_042249,img_042249.jpg,,Namib Desert and Sossusvlei,Edda Schoedder,1980-01-01,Aerial photos of parts of the Karas Region,,,-27.37,16.154,Schoedder Collection,,Image;StillImage,image/jpeg,eng,Namibia Institute of Architects,http://dna.nust.na/copyright.html
img_042250,img_042250.jpg,,Namib Desert and Sossusvlei,Edda Schoedder,1980-01-01,Aerial photos of parts of the Karas Region,,,-27.37,16.154,Schoedder Collection,,Image;StillImage,image/jpeg,eng,Namibia Institute of Architects,http://dna.nust.na/copyright.html
img_042251,img_042251.jpg,,Namib Desert and Sossusvlei,Edda Schoedder,1980-01-01,Aerial photos of parts of the Karas Region,,,-27.37,16.154,Schoedder Collection,,Image;StillImage,image/jpeg,eng,Namibia Institute of Architects,http://dna.nust.na/copyright.html
img_042252,img_042252.jpg,,Namib Desert and Sossusvlei,Edda Schoedder,1980-01-01,Aerial photos of parts of the Karas Region,,,-27.37,16.154,Schoedder Collection,,Image;StillImage,image/jpeg,eng,Namibia Institute of Architects,http://dna.nust.na/copyright.html
img_042253,img_042253.jpg,,Namib Desert and Sossusvlei,Edda Schoedder,1980-01-01,Aerial photos of parts of the Karas Region,,,-27.37,16.154,Schoedder Collection,,Image;StillImage,image/jpeg,eng,Namibia Institute of Architects,http://dna.nust.na/copyright.html
img_042254,img_042254.jpg,,Namib Desert and Sossusvlei,Edda Schoedder,1980-01-01,Aerial photos of parts of the Karas Region,,,-27.37,16.154,Schoedder Collection,,Image;StillImage,image/jpeg,eng,Namibia Institute of Architects,http://dna.nust.na/copyright.html
img_042255,img_042255.jpg,,Namib Desert and Sossusvlei,Edda Schoedder,1980-01-01,Aerial photos of parts of the Karas Region,,,-27.37,16.154,Schoedder Collection,,Image;StillImage,image/jpeg,eng,Namibia Institute of Architects,http://dna.nust.na/copyright.html
img_042256,img_042256.jpg,,Namib Desert and Sossusvlei,Edda Schoedder,1980-01-01,Aerial photos of parts of the Karas Region,,,-27.37,16.154,Schoedder Collection,,Image;StillImage,image/jpeg,eng,Namibia Institute of Architects,http://dna.nust.na/copyright.html
img_042257,img_042257.jpg,,Namib Desert and Sossusvlei,Edda Schoedder,1980-01-01,Aerial photos of parts of the Karas Region,,,-27.37,16.154,Schoedder Collection,,Image;StillImage,image/jpeg,eng,Namibia Institute of Architects,http://dna.nust.na/copyright.html
img_042258,img_042258.jpg,,Namib Desert and Sossusvlei,Edda Schoedder,1980-01-01,Aerial photos of parts of the Karas Region,,,-27.37,16.154,Schoedder Collection,,Image;StillImage,image/jpeg,eng,Namibia Institute of Architects,http://dna.nust.na/copyright.html
img_042259,img_042259.jpg,,Namib Desert and Sossusvlei,Edda Schoedder,1980-01-01,Aerial photos of parts of the Karas Region,,,-27.37,16.154,Schoedder Collection,,Image;StillImage,image/jpeg,eng,Namibia Institute of Architects,http://dna.nust.na/copyright.html
img_042260,img_042260.jpg,,Namib Desert and Sossusvlei,Edda Schoedder,1980-01-01,Aerial photos of parts of the Karas Region,,,-27.37,16.154,Schoedder Collection,,Image;StillImage,image/jpeg,eng,Namibia Institute of Architects,http://dna.nust.na/copyright.html
img_042261,img_042261.jpg,,Namib Desert and Sossusvlei,Edda Schoedder,1980-01-01,Aerial photos of parts of the Karas Region,,,-27.37,16.154,Schoedder Collection,,Image;StillImage,image/jpeg,eng,Namibia Institute of Architects,http://dna.nust.na/copyright.html
img_042262,img_042262.jpg,,Namib Desert and Sossusvlei,Edda Schoedder,1980-01-01,Aerial photos of parts of the Karas Region,,,-27.37,16.154,Schoedder Collection,,Image;StillImage,image/jpeg,eng,Namibia Institute of Architects,http://dna.nust.na/copyright.html
img_042263,img_042263.jpg,,Namib Desert and Sossusvlei,Edda Schoedder,1980-01-01,Aerial photos of parts of the Karas Region,,,-27.37,16.154,Schoedder Collection,,Image;StillImage,image/jpeg,eng,Namibia Institute of Architects,http://dna.nust.na/copyright.html
img_042264,img_042264.jpg,,Namib Desert and Sossusvlei,Edda Schoedder,1980-01-01,Aerial photos of parts of the Karas Region,,,-27.37,16.154,Schoedder Collection,,Image;StillImage,image/jpeg,eng,Namibia Institute of Architects,http://dna.nust.na/copyright.html
img_042265,img_042265.jpg,,Namib Desert and Sossusvlei,Edda Schoedder,1980-01-01,Aerial photos of parts of the Karas Region,,,-27.37,16.154,Schoedder Collection,,Image;StillImage,image/jpeg,eng,Namibia Institute of Architects,http://dna.nust.na/copyright.html
img_042266,img_042266.jpg,,Namib Desert and Sossusvlei,Edda Schoedder,1980-01-01,Aerial photos of parts of the Karas Region,,,-27.37,16.154,Schoedder Collection,,Image;StillImage,image/jpeg,eng,Namibia Institute of Architects,http://dna.nust.na/copyright.html
img_042267,img_042267.jpg,,Namib Desert and Sossusvlei,Edda Schoedder,1980-01-01,Aerial photos of parts of the Karas Region,,,-27.37,16.154,Schoedder Collection,,Image;StillImage,image/jpeg,eng,Namibia Institute of Architects,http://dna.nust.na/copyright.html
img_042268,img_042268.jpg,,Namib Desert and Sossusvlei,Edda Schoedder,1980-01-01,Aerial photos of parts of the Karas Region,,,-27.37,16.154,Schoedder Collection,,Image;StillImage,image/jpeg,eng,Namibia Institute of Architects,http://dna.nust.na/copyright.html
img_042269,img_042269.jpg,,Namib Desert and Sossusvlei,Edda Schoedder,1980-01-01,Aerial photos of parts of the Karas Region,,,-27.37,16.154,Schoedder Collection,,Image;StillImage,image/jpeg,eng,Namibia Institute of Architects,http://dna.nust.na/copyright.html
img_042270,img_042270.jpg,,Namib Desert and Sossusvlei,Edda Schoedder,1980-01-01,Aerial photos of parts of the Karas Region,,,-27.37,16.154,Schoedder Collection,,Image;StillImage,image/jpeg,eng,Namibia Institute of Architects,http://dna.nust.na/copyright.html
img_042271,img_042271.jpg,,Namib Desert and Sossusvlei,Edda Schoedder,1980-01-01,Aerial photos of parts of the Karas Region,,,-27.37,16.154,Schoedder Collection,,Image;StillImage,image/jpeg,eng,Namibia Institute of Architects,http://dna.nust.na/copyright.html
img_042272,img_042272.jpg,,Namib Desert and Sossusvlei,Edda Schoedder,1980-01-01,Aerial photos of parts of the Karas Region,,,-27.37,16.154,Schoedder Collection,,Image;StillImage,image/jpeg,eng,Namibia Institute of Architects,http://dna.nust.na/copyright.html
img_042273,img_042273.jpg,,Namib Desert and Sossusvlei,Edda Schoedder,1980-01-01,Aerial photos of parts of the Karas Region,,,-27.37,16.154,Schoedder Collection,,Image;StillImage,image/jpeg,eng,Namibia Institute of Architects,http://dna.nust.na/copyright.html
img_042274,img_042274.jpg,,Namib Desert and Sossusvlei,Edda Schoedder,1980-01-01,Aerial photos of parts of the Karas Region,,,-27.37,16.154,Schoedder Collection,,Image;StillImage,image/jpeg,eng,Namibia Institute of Architects,http://dna.nust.na/copyright.html
img_042275,img_042275.jpg,,Namib Desert and Sossusvlei,Edda Schoedder,1980-01-01,Aerial photos of parts of the Karas Region,,,-27.37,16.154,Schoedder Collection,,Image;StillImage,image/jpeg,eng,Namibia Institute of Architects,http://dna.nust.na/copyright.html
img_042276,img_042276.jpg,,Namib Desert and Sossusvlei,Edda Schoedder,1980-01-01,Aerial photos of parts of the Karas Region,,,-27.37,16.154,Schoedder Collection,,Image;StillImage,image/jpeg,eng,Namibia Institute of Architects,http://dna.nust.na/copyright.html
img_042277,img_042277.jpg,,Namib Desert and Sossusvlei,Edda Schoedder,1980-01-01,Aerial photos of parts of the Karas Region,,,-27.37,16.154,Schoedder Collection,,Image;StillImage,image/jpeg,eng,Namibia Institute of Architects,http://dna.nust.na/copyright.html
img_042278,img_042278.jpg,,Namib Desert and Sossusvlei,Edda Schoedder,1980-01-01,Aerial photos of parts of the Karas Region,,,-27.37,16.154,Schoedder Collection,,Image;StillImage,image/jpeg,eng,Namibia Institute of Architects,http://dna.nust.na/copyright.html
img_042279,img_042279.jpg,,Namib Desert and Sossusvlei,Edda Schoedder,1980-01-01,Aerial photos of parts of the Karas Region,,,-27.37,16.154,Schoedder Collection,,Image;StillImage,image/jpeg,eng,Namibia Institute of Architects,http://dna.nust.na/copyright.html
img_042280,img_042280.jpg,,Namib Desert and Sossusvlei,Edda Schoedder,1980-01-01,Aerial photos of parts of the Karas Region,,,-27.37,16.154,Schoedder Collection,,Image;StillImage,image/jpeg,eng,Namibia Institute of Architects,http://dna.nust.na/copyright.html
img_042281,img_042281.jpg,,Namib Desert and Sossusvlei,Edda Schoedder,1980-01-01,Aerial photos of parts of the Karas Region,,,-27.37,16.154,Schoedder Collection,,Image;StillImage,image/jpeg,eng,Namibia Institute of Architects,http://dna.nust.na/copyright.html
img_042282,img_042282.jpg,,Namib Desert and Sossusvlei,Edda Schoedder,1980-01-01,,,,-27.37,16.154,Schoedder Collection,,Image;StillImage,image/jpeg,eng,Namibia Institute of Architects,http://dna.nust.na/copyright.html
img_042283,img_042283.jpg,,Warmbad and Ukamas,Edda Schoedder,1980-01-01,,,,-28.45,18.733333,Schoedder Collection,,Image;StillImage,image/jpeg,eng,Namibia Institute of Architects,http://dna.nust.na/copyright.html
img_042284,img_042284.jpg,,Warmbad and Ukamas,Edda Schoedder,1980-01-01,,,,-28.45,18.733333,Schoedder Collection,,Image;StillImage,image/jpeg,eng,Namibia Institute of Architects,http://dna.nust.na/copyright.html
img_042286,img_042286.jpg,,Warmbad and Ukamas,Edda Schoedder,1980-01-01,,,,-28.45,18.733333,Schoedder Collection,,Image;StillImage,image/jpeg,eng,Namibia Institute of Architects,http://dna.nust.na/copyright.html
img_042287,img_042287.jpg,,Warmbad and Ukamas,Edda Schoedder,1980-01-01,,,,-28.45,18.733333,Schoedder Collection,,Image;StillImage,image/jpeg,eng,Namibia Institute of Architects,http://dna.nust.na/copyright.html
img_042288,img_042288.jpg,,Warmbad and Ukamas,Edda Schoedder,1980-01-01,,,,-28.45,18.733333,Schoedder Collection,,Image;StillImage,image/jpeg,eng,Namibia Institute of Architects,http://dna.nust.na/copyright.html
img_042289,img_042289.jpg,,Warmbad and Ukamas,Edda Schoedder,1980-01-01,,,,-28.45,18.733333,Schoedder Collection,,Image;StillImage,image/jpeg,eng,Namibia Institute of Architects,http://dna.nust.na/copyright.html
img_042290,img_042290.jpg,,Warmbad and Ukamas,Edda Schoedder,1980-01-01,,,,-28.45,18.733333,Schoedder Collection,,Image;StillImage,image/jpeg,eng,Namibia Institute of Architects,http://dna.nust.na/copyright.html
img_042291,img_042291.jpg,,Warmbad and Ukamas,Edda Schoedder,1980-01-01,,,,-28.45,18.733333,Schoedder Collection,,Image;StillImage,image/jpeg,eng,Namibia Institute of Architects,http://dna.nust.na/copyright.html
img_042292,img_042292.jpg,,Warmbad and Ukamas,Edda Schoedder,1980-01-01,,,,-28.45,18.733333,Schoedder Collection,,Image;StillImage,image/jpeg,eng,Namibia Institute of Architects,http://dna.nust.na/copyright.html
img_042293,img_042293.jpg,,Warmbad and Ukamas,Edda Schoedder,1980-01-01,,,,-28.45,18.733333,Schoedder Collection,,Image;StillImage,image/jpeg,eng,Namibia Institute of Architects,http://dna.nust.na/copyright.html
img_042294,img_042294.jpg,,Warmbad and Ukamas,Edda Schoedder,1980-01-01,,,,-28.45,18.733333,Schoedder Collection,,Image;StillImage,image/jpeg,eng,Namibia Institute of Architects,http://dna.nust.na/copyright.html
img_042295,img_042295.jpg,,Warmbad and Ukamas,Edda Schoedder,1980-01-01,,,,-28.45,18.733333,Schoedder Collection,,Image;StillImage,image/jpeg,eng,Namibia Institute of Architects,http://dna.nust.na/copyright.html
img_042296,img_042296.jpg,,Warmbad and Ukamas,Edda Schoedder,1980-01-01,,,,-28.45,18.733333,Schoedder Collection,,Image;StillImage,image/jpeg,eng,Namibia Institute of Architects,http://dna.nust.na/copyright.html
img_042297,img_042297.jpg,,Warmbad and Ukamas,Edda Schoedder,1980-01-01,,,,-28.45,18.733333,Schoedder Collection,,Image;StillImage,image/jpeg,eng,Namibia Institute of Architects,http://dna.nust.na/copyright.html
img_042298,img_042298.jpg,,Warmbad and Ukamas,Edda Schoedder,1980-01-01,,,,-28.45,18.733333,Schoedder Collection,,Image;StillImage,image/jpeg,eng,Namibia Institute of Architects,http://dna.nust.na/copyright.html
img_042299,img_042299.jpg,,Warmbad and Ukamas,Edda Schoedder,1980-01-01,,,,-28.45,18.733333,Schoedder Collection,,Image;StillImage,image/jpeg,eng,Namibia Institute of Architects,http://dna.nust.na/copyright.html
img_042300,img_042300.jpg,,Warmbad and Ukamas,Edda Schoedder,1980-01-01,,,,-28.45,18.733333,Schoedder Collection,,Image;StillImage,image/jpeg,eng,Namibia Institute of Architects,http://dna.nust.na/copyright.html
img_042301,img_042301.jpg,,Warmbad and Ukamas,Edda Schoedder,1980-01-01,,,,-28.45,18.733333,Schoedder Collection,,Image;StillImage,image/jpeg,eng,Namibia Institute of Architects,http://dna.nust.na/copyright.html
img_042302,img_042302.jpg,,Warmbad and Ukamas,Edda Schoedder,1980-01-01,,,,-28.45,18.733333,Schoedder Collection,,Image;StillImage,image/jpeg,eng,Namibia Institute of Architects,http://dna.nust.na/copyright.html
img_042303,img_042303.jpg,,Warmbad and Ukamas,Edda Schoedder,1980-01-01,,,,-28.45,18.733333,Schoedder Collection,,Image;StillImage,image/jpeg,eng,Namibia Institute of Architects,http://dna.nust.na/copyright.html
img_042304,img_042304.jpg,,Warmbad and Ukamas,Edda Schoedder,1980-01-01,,,,-28.45,18.733333,Schoedder Collection,,Image;StillImage,image/jpeg,eng,Namibia Institute of Architects,http://dna.nust.na/copyright.html
img_042305,img_042305.jpg,,Warmbad and Ukamas,Edda Schoedder,1980-01-01,,,,-28.45,18.733333,Schoedder Collection,,Image;StillImage,image/jpeg,eng,Namibia Institute of Architects,http://dna.nust.na/copyright.html
img_042306,img_042306.jpg,,Dicke Wilhelm Mountain,Edda Schoedder,1980-12-00,Pictures of the island mountain in the Namibia Desert. Also called Garub Mountain or Dickwillem,,,-26.466666666667,16.016666666667,Schoedder Collection,,Image;StillImage,image/jpeg,eng,Namibia Institute of Architects,http://dna.nust.na/copyright.html
img_042307,img_042307.jpg,,Dicke Wilhelm Mountain,Edda Schoedder,1980-12-00,Pictures of the island mountain in the Namibia Desert. Also called Garub Mountain or Dickwillem,,,-26.466666666667,16.016666666667,Schoedder Collection,,Image;StillImage,image/jpeg,eng,Namibia Institute of Architects,http://dna.nust.na/copyright.html
img_042308,img_042308.jpg,,Dicke Wilhelm Mountain,Edda Schoedder,1980-12-00,Pictures of the island mountain in the Namibia Desert. Also called Garub Mountain or Dickwillem,,,-26.466666666667,16.016666666667,Schoedder Collection,,Image;StillImage,image/jpeg,eng,Namibia Institute of Architects,http://dna.nust.na/copyright.html
img_042309,img_042309.jpg,,Dicke Wilhelm Mountain,Edda Schoedder,1980-12-00,Pictures of the island mountain in the Namibia Desert. Also called Garub Mountain or Dickwillem,,,-26.466666666667,16.016666666667,Schoedder Collection,,Image;StillImage,image/jpeg,eng,Namibia Institute of Architects,http://dna.nust.na/copyright.html
img_042310,img_042310.jpg,,Dicke Wilhelm Mountain,Edda Schoedder,1980-12-00,Pictures of the island mountain in the Namibia Desert. Also called Garub Mountain or Dickwillem,,,-26.466666666667,16.016666666667,Schoedder Collection,,Image;StillImage,image/jpeg,eng,Namibia Institute of Architects,http://dna.nust.na/copyright.html
img_042311,img_042311.jpg,,Dicke Wilhelm Mountain,Edda Schoedder,1980-12-00,Pictures of the island mountain in the Namibia Desert. Also called Garub Mountain or Dickwillem,,,-26.466666666667,16.016666666667,Schoedder Collection,,Image;StillImage,image/jpeg,eng,Namibia Institute of Architects,http://dna.nust.na/copyright.html
img_042312,img_042312.jpg,,Dicke Wilhelm Mountain,Edda Schoedder,1980-12-00,Pictures of the island mountain in the Namibia Desert. Also called Garub Mountain or Dickwillem,,,-26.466666666667,16.016666666667,Schoedder Collection,,Image;StillImage,image/jpeg,eng,Namibia Institute of Architects,http://dna.nust.na/copyright.html
img_042313,img_042313.jpg,,Dicke Wilhelm Mountain,Edda Schoedder,1980-12-00,Pictures of the island mountain in the Namibia Desert. Also called Garub Mountain or Dickwillem,,,-26.466666666667,16.016666666667,Schoedder Collection,,Image;StillImage,image/jpeg,eng,Namibia Institute of Architects,http://dna.nust.na/copyright.html
img_042314,img_042314.jpg,,Dicke Wilhelm Mountain,Edda Schoedder,1980-12-00,Pictures of the island mountain in the Namibia Desert. Also called Garub Mountain or Dickwillem,,,-26.466666666667,16.016666666667,Schoedder Collection,,Image;StillImage,image/jpeg,eng,Namibia Institute of Architects,http://dna.nust.na/copyright.html
img_042315,img_042315.jpg,,Dicke Wilhelm Mountain,Edda Schoedder,1980-12-00,Pictures of the island mountain in the Namibia Desert. Also called Garub Mountain or Dickwillem,,,-26.466666666667,16.016666666667,Schoedder Collection,,Image;StillImage,image/jpeg,eng,Namibia Institute of Architects,http://dna.nust.na/copyright.html
img_042316,img_042316.jpg,,Dicke Wilhelm Mountain,Edda Schoedder,1980-12-00,Pictures of the island mountain in the Namibia Desert. Also called Garub Mountain or Dickwillem,,,-26.466666666667,16.016666666667,Schoedder Collection,,Image;StillImage,image/jpeg,eng,Namibia Institute of Architects,http://dna.nust.na/copyright.html
img_042317,img_042317.jpg,,Dicke Wilhelm Mountain,Edda Schoedder,1980-12-00,Pictures of the island mountain in the Namibia Desert. Also called Garub Mountain or Dickwillem,,,-26.466666666667,16.016666666667,Schoedder Collection,,Image;StillImage,image/jpeg,eng,Namibia Institute of Architects,http://dna.nust.na/copyright.html
img_042318,img_042318.jpg,,Dicke Wilhelm Mountain,Edda Schoedder,1980-12-00,Pictures of the island mountain in the Namibia Desert. Also called Garub Mountain or Dickwillem,,,-26.466666666667,16.016666666667,Schoedder Collection,,Image;StillImage,image/jpeg,eng,Namibia Institute of Architects,http://dna.nust.na/copyright.html
img_042319,img_042319.jpg,,Dicke Wilhelm Mountain,Edda Schoedder,1980-12-00,Pictures of the island mountain in the Namibia Desert. Also called Garub Mountain or Dickwillem,,,-26.466666666667,16.016666666667,Schoedder Collection,,Image;StillImage,image/jpeg,eng,Namibia Institute of Architects,http://dna.nust.na/copyright.html
img_042320,img_042320.jpg,,Dicke Wilhelm Mountain,Edda Schoedder,1980-12-00,Pictures of the island mountain in the Namibia Desert. Also called Garub Mountain or Dickwillem,,,-26.466666666667,16.016666666667,Schoedder Collection,,Image;StillImage,image/jpeg,eng,Namibia Institute of Architects,http://dna.nust.na/copyright.html
img_042321,img_042321.jpg,,Dicke Wilhelm Mountain,Edda Schoedder,1980-12-00,Pictures of the island mountain in the Namibia Desert. Also called Garub Mountain or Dickwillem,,,-26.466666666667,16.016666666667,Schoedder Collection,,Image;StillImage,image/jpeg,eng,Namibia Institute of Architects,http://dna.nust.na/copyright.html
img_042322,img_042322.jpg,,Dicke Wilhelm Mountain,Edda Schoedder,1980-12-00,Pictures of the island mountain in the Namibia Desert. Also called Garub Mountain or Dickwillem,,,-26.466666666667,16.016666666667,Schoedder Collection,,Image;StillImage,image/jpeg,eng,Namibia Institute of Architects,http://dna.nust.na/copyright.html
img_042323,img_042323.jpg,,Dicke Wilhelm Mountain,Edda Schoedder,1980-12-00,Pictures of the island mountain in the Namibia Desert. Also called Garub Mountain or Dickwillem,,,-26.466666666667,16.016666666667,Schoedder Collection,,Image;StillImage,image/jpeg,eng,Namibia Institute of Architects,http://dna.nust.na/copyright.html
img_042324,img_042324.jpg,,Dicke Wilhelm Mountain,Edda Schoedder,1980-12-00,Pictures of the island mountain in the Namibia Desert. Also called Garub Mountain or Dickwillem,,,-26.466666666667,16.016666666667,Schoedder Collection,,Image;StillImage,image/jpeg,eng,Namibia Institute of Architects,http://dna.nust.na/copyright.html
img_042325,img_042325.jpg,,Dicke Wilhelm Mountain,Edda Schoedder,1980-12-00,Pictures of the island mountain in the Namibia Desert. Also called Garub Mountain or Dickwillem,,,-26.466666666667,16.016666666667,Schoedder Collection,,Image;StillImage,image/jpeg,eng,Namibia Institute of Architects,http://dna.nust.na/copyright.html
img_042326,img_042326.jpg,,Dicke Wilhelm Mountain,Edda Schoedder,1980-12-00,Pictures of the island mountain in the Namibia Desert. Also called Garub Mountain or Dickwillem,,,-26.466666666667,16.016666666667,Schoedder Collection,,Image;StillImage,image/jpeg,eng,Namibia Institute of Architects,http://dna.nust.na/copyright.html
img_042327,img_042327.jpg,,Dicke Wilhelm Mountain,Edda Schoedder,1980-12-00,Pictures of the island mountain in the Namibia Desert. Also called Garub Mountain or Dickwillem,,,-26.466666666667,16.016666666667,Schoedder Collection,,Image;StillImage,image/jpeg,eng,Namibia Institute of Architects,http://dna.nust.na/copyright.html
img_042328,img_042328.jpg,,Dicke Wilhelm Mountain,Edda Schoedder,1980-12-00,Pictures of the island mountain in the Namibia Desert. Also called Garub Mountain or Dickwillem,,,-26.466666666667,16.016666666667,Schoedder Collection,,Image;StillImage,image/jpeg,eng,Namibia Institute of Architects,http://dna.nust.na/copyright.html
img_042329,img_042329.jpg,,Dicke Wilhelm Mountain,Edda Schoedder,1980-12-00,Pictures of the island mountain in the Namibia Desert. Also called Garub Mountain or Dickwillem,,,-26.466666666667,16.016666666667,Schoedder Collection,,Image;StillImage,image/jpeg,eng,Namibia Institute of Architects,http://dna.nust.na/copyright.html
img_042330,img_042330.jpg,,Dicke Wilhelm Mountain,Edda Schoedder,1980-12-00,Pictures of the island mountain in the Namibia Desert. Also called Garub Mountain or Dickwillem,,,-26.466666666667,16.016666666667,Schoedder Collection,,Image;StillImage,image/jpeg,eng,Namibia Institute of Architects,http://dna.nust.na/copyright.html
img_042331,img_042331.jpg,,Dicke Wilhelm Mountain,Edda Schoedder,1980-12-00,Pictures of the island mountain in the Namibia Desert. Also called Garub Mountain or Dickwillem,,,-26.466666666667,16.016666666667,Schoedder Collection,,Image;StillImage,image/jpeg,eng,Namibia Institute of Architects,http://dna.nust.na/copyright.html
img_042332,img_042332.jpg,,Dicke Wilhelm Mountain,Edda Schoedder,1980-12-00,Pictures of the island mountain in the Namibia Desert. Also called Garub Mountain or Dickwillem,,,-26.466666666667,16.016666666667,Schoedder Collection,,Image;StillImage,image/jpeg,eng,Namibia Institute of Architects,http://dna.nust.na/copyright.html
img_042333,img_042333.jpg,,Dicke Wilhelm Mountain,Edda Schoedder,1980-12-00,Pictures of the island mountain in the Namibia Desert. Also called Garub Mountain or Dickwillem,,,-26.466666666667,16.016666666667,Schoedder Collection,,Image;StillImage,image/jpeg,eng,Namibia Institute of Architects,http://dna.nust.na/copyright.html
img_042334,img_042334.jpg,,Dicke Wilhelm Mountain,Edda Schoedder,1980-12-00,Pictures of the island mountain in the Namibia Desert. Also called Garub Mountain or Dickwillem,,,-26.466666666667,16.016666666667,Schoedder Collection,,Image;StillImage,image/jpeg,eng,Namibia Institute of Architects,http://dna.nust.na/copyright.html
img_042335,img_042335.jpg,,Dicke Wilhelm Mountain,Edda Schoedder,1980-12-00,Pictures of the island mountain in the Namibia Desert. Also called Garub Mountain or Dickwillem,,,-26.466666666667,16.016666666667,Schoedder Collection,,Image;StillImage,image/jpeg,eng,Namibia Institute of Architects,http://dna.nust.na/copyright.html
img_042336,img_042336.jpg,,Dicke Wilhelm Mountain,Edda Schoedder,1980-12-00,Pictures of the island mountain in the Namibia Desert. Also called Garub Mountain or Dickwillem,,,-26.466666666667,16.016666666667,Schoedder Collection,,Image;StillImage,image/jpeg,eng,Namibia Institute of Architects,http://dna.nust.na/copyright.html
img_042337,img_042337.jpg,,Dicke Wilhelm Mountain,Edda Schoedder,1980-12-00,Pictures of the island mountain in the Namibia Desert. Also called Garub Mountain or Dickwillem,,,-26.466666666667,16.016666666667,Schoedder Collection,,Image;StillImage,image/jpeg,eng,Namibia Institute of Architects,http://dna.nust.na/copyright.html
img_042338,img_042338.jpg,,Dicke Wilhelm Mountain,Edda Schoedder,1980-12-00,Pictures of the island mountain in the Namibia Desert. Also called Garub Mountain or Dickwillem,,,-26.466666666667,16.016666666667,Schoedder Collection,,Image;StillImage,image/jpeg,eng,Namibia Institute of Architects,http://dna.nust.na/copyright.html
img_042339,img_042339.jpg,,Dicke Wilhelm Mountain,Edda Schoedder,1980-12-00,Pictures of the island mountain in the Namibia Desert. Also called Garub Mountain or Dickwillem,,,-26.466666666667,16.016666666667,Schoedder Collection,,Image;StillImage,image/jpeg,eng,Namibia Institute of Architects,http://dna.nust.na/copyright.html
img_042340,img_042340.jpg,,Dicke Wilhelm Mountain,Edda Schoedder,1980-12-00,Pictures of the island mountain in the Namibia Desert. Also called Garub Mountain or Dickwillem,,,-26.466666666667,16.016666666667,Schoedder Collection,,Image;StillImage,image/jpeg,eng,Namibia Institute of Architects,http://dna.nust.na/copyright.html
img_042341,img_042341.jpg,,Dicke Wilhelm Mountain,Edda Schoedder,1980-12-00,Pictures of the island mountain in the Namibia Desert. Also called Garub Mountain or Dickwillem,,,-26.466666666667,16.016666666667,Schoedder Collection,,Image;StillImage,image/jpeg,eng,Namibia Institute of Architects,http://dna.nust.na/copyright.html
img_042342,img_042342.jpg,,Dicke Wilhelm Mountain,Edda Schoedder,1980-12-00,Pictures of the island mountain in the Namibia Desert. Also called Garub Mountain or Dickwillem,,,-26.466666666667,16.016666666667,Schoedder Collection,,Image;StillImage,image/jpeg,eng,Namibia Institute of Architects,http://dna.nust.na/copyright.html
img_042343,img_042343.jpg,,Dicke Wilhelm Mountain,Edda Schoedder,1980-12-00,Pictures of the island mountain in the Namibia Desert. Also called Garub Mountain or Dickwillem,,,-26.466666666667,16.016666666667,Schoedder Collection,,Image;StillImage,image/jpeg,eng,Namibia Institute of Architects,http://dna.nust.na/copyright.html
img_042344,img_042344.jpg,,Dicke Wilhelm Mountain,Edda Schoedder,1980-12-00,Pictures of the island mountain in the Namibia Desert. Also called Garub Mountain or Dickwillem,,,-26.466666666667,16.016666666667,Schoedder Collection,,Image;StillImage,image/jpeg,eng,Namibia Institute of Architects,http://dna.nust.na/copyright.html
img_042345,img_042345.jpg,,Dicke Wilhelm Mountain,Edda Schoedder,1980-12-00,Pictures of the island mountain in the Namibia Desert. Also called Garub Mountain or Dickwillem,,,-26.466666666667,16.016666666667,Schoedder Collection,,Image;StillImage,image/jpeg,eng,Namibia Institute of Architects,http://dna.nust.na/copyright.html
img_042346,img_042346.jpg,,Dicke Wilhelm Mountain,Edda Schoedder,1980-12-00,Pictures of the island mountain in the Namibia Desert. Also called Garub Mountain or Dickwillem,,,-26.466666666667,16.016666666667,Schoedder Collection,,Image;StillImage,image/jpeg,eng,Namibia Institute of Architects,http://dna.nust.na/copyright.html
img_042347,img_042347.jpg,,Dicke Wilhelm Mountain,Edda Schoedder,1980-12-00,Pictures of the island mountain in the Namibia Desert. Also called Garub Mountain or Dickwillem,,,-26.466666666667,16.016666666667,Schoedder Collection,,Image;StillImage,image/jpeg,eng,Namibia Institute of Architects,http://dna.nust.na/copyright.html
img_042348,img_042348.jpg,,Dicke Wilhelm Mountain,Edda Schoedder,1980-12-00,Pictures of the island mountain in the Namibia Desert. Also called Garub Mountain or Dickwillem,,,-26.466666666667,16.016666666667,Schoedder Collection,,Image;StillImage,image/jpeg,eng,Namibia Institute of Architects,http://dna.nust.na/copyright.html
img_042349,img_042349.jpg,,Dicke Wilhelm Mountain,Edda Schoedder,1980-12-00,Pictures of the island mountain in the Namibia Desert. Also called Garub Mountain or Dickwillem,,,-26.466666666667,16.016666666667,Schoedder Collection,,Image;StillImage,image/jpeg,eng,Namibia Institute of Architects,http://dna.nust.na/copyright.html
img_042285,img_042285.jpg,,Mukorob or Finger of God,Edda Schoedder,1980-12-00,"The Mukurob, also Mukorob, (Finger of God) near Asab in Namibia, was a sandstone rock formation in the Namib desert which collapsed on 7 December 1988",,,-25.497525,18.1712083,Schoedder Collection,,Image;StillImage,image/jpeg,eng,Namibia Institute of Architects,http://dna.nust.na/copyright.html

